chunk_x,chunk_z,duration_ms,timestamp_ms
-16,-16,19.133,1790462139329
-16,-15,17.377,1790462139349
-16,-14,14.126,1790462139366
-16,-13,13.912,1790462139380
-16,-12,13.847,1790462139394
-16,-11,13.722,1790462139408
-16,-10,14.077,1790462139422
-16,-9,13.978,1790462139436
-16,-8,14.105,1790462139450
-16,-7,14.075,1790462139464
-16,-6,13.758,1790462139478
-16,-5,14.093,1790462139492
-16,-4,13.851,1790462139506
-16,-3,13.805,1790462139520
-16,-2,14.005,1790462139534
-16,-1,13.926,1790462139548
-16,0,13.844,1790462139562
-16,1,13.637,1790462139576
-16,2,13.755,1790462139589
-16,3,13.877,1790462139603
-16,4,14.315,1790462139617
-16,5,13.804,1790462139631
-16,6,13.668,1790462139645
-16,7,13.908,1790462139659
-16,8,13.817,1790462139673
-16,9,13.812,1790462139686
-16,10,13.947,1790462139700
-16,11,13.931,1790462139714
-16,12,13.793,1790462139728
-16,13,14.697,1790462139742
-16,14,13.766,1790462139757
-16,15,14.105,1790462139770
-15,-16,14.078,1790462139784
-15,-15,13.880,1790462139799
-15,-14,13.932,1790462139812
-15,-13,14.163,1790462139826
-15,-12,13.749,1790462139840
-15,-11,14.048,1790462139854
-15,-10,13.973,1790462139868
-15,-9,13.997,1790462139882
-15,-8,13.746,1790462139896
-15,-7,14.147,1790462139910
-15,-6,13.987,1790462139924
-15,-5,14.115,1790462139938
-15,-4,14.767,1790462139952
-15,-3,14.548,1790462139967
-15,-2,14.348,1790462139982
-15,-1,14.195,1790462139996
-15,0,14.032,1790462140010
-15,1,14.308,1790462140024
-15,2,13.920,1790462140038
-15,3,14.002,1790462140052
-15,4,14.164,1790462140066
-15,5,13.816,1790462140081
-15,6,13.956,1790462140094
-15,7,14.008,1790462140108
-15,8,13.853,1790462140122
-15,9,13.909,1790462140136
-15,10,13.873,1790462140150
-15,11,13.984,1790462140164
-15,12,13.934,1790462140178
-15,13,14.225,1790462140192
-15,14,14.367,1790462140206
-15,15,14.066,1790462140221
-14,-16,14.333,1790462140235
-14,-15,14.151,1790462140249
-14,-14,14.319,1790462140263
-14,-13,14.010,1790462140277
-14,-12,14.357,1790462140291
-14,-11,14.357,1790462140306
-14,-10,13.977,1790462140320
-14,-9,14.106,1790462140334
-14,-8,14.087,1790462140348
-14,-7,14.239,1790462140362
-14,-6,14.127,1790462140377
-14,-5,14.298,1790462140391
-14,-4,14.421,1790462140405
-14,-3,14.662,1790462140419
-14,-2,14.582,1790462140434
-14,-1,14.717,1790462140449
-14,0,14.560,1790462140463
-14,1,14.595,1790462140478
-14,2,14.802,1790462140493
-14,3,14.495,1790462140507
-14,4,14.247,1790462140522
-14,5,14.417,1790462140536
-14,6,14.239,1790462140551
-14,7,14.374,1790462140565
-14,8,14.295,1790462140579
-14,9,14.521,1790462140593
-14,10,14.448,1790462140608
-14,11,15.338,1790462140622
-14,12,14.145,1790462140638
-14,13,14.215,1790462140652
-14,14,14.090,1790462140666
-14,15,14.353,1790462140680
-13,-16,13.965,1790462140695
-13,-15,13.872,1790462140709
-13,-14,14.083,1790462140722
-13,-13,13.979,1790462140737
-13,-12,13.939,1790462140751
-13,-11,14.106,1790462140764
-13,-10,13.774,1790462140779
-13,-9,13.752,1790462140792
-13,-8,13.711,1790462140806
-13,-7,13.774,1790462140820
-13,-6,13.827,1790462140834
-13,-5,13.900,1790462140847
-13,-4,14.053,1790462140861
-13,-3,13.622,1790462140875
-13,-2,13.930,1790462140889
-13,-1,13.808,1790462140903
-13,0,13.706,1790462140917
-13,1,13.876,1790462140930
-13,2,13.748,1790462140944
-13,3,13.797,1790462140958
-13,4,14.129,1790462140972
-13,5,13.689,1790462140986
-13,6,13.970,1790462141000
-13,7,13.819,1790462141014
-13,8,13.702,1790462141028
-13,9,13.842,1790462141041
-13,10,13.801,1790462141055
-13,11,13.967,1790462141069
-13,12,13.872,1790462141083
-13,13,13.826,1790462141097
-13,14,13.633,1790462141111
-13,15,13.859,1790462141124
-12,-16,14.103,1790462141138
-12,-15,13.650,1790462141152
-12,-14,14.115,1790462141166
-12,-13,13.773,1790462141180
-12,-12,13.807,1790462141194
-12,-11,14.059,1790462141208
-12,-10,13.797,1790462141222
-12,-9,13.790,1790462141235
-12,-8,13.884,1790462141249
-12,-7,13.882,1790462141263
-12,-6,13.972,1790462141277
-12,-5,16.608,1790462141291
-12,-4,14.778,1790462141308
-12,-3,13.969,1790462141322
-12,-2,14.059,1790462141336
-12,-1,13.983,1790462141350
-12,0,13.984,1790462141364
-12,1,13.820,1790462141378
-12,2,13.825,1790462141392
-12,3,13.707,1790462141406
-12,4,13.686,1790462141420
-12,5,13.749,1790462141433
-12,6,13.896,1790462141447
-12,7,13.706,1790462141461
-12,8,13.850,1790462141475
-12,9,13.971,1790462141489
-12,10,13.831,1790462141503
-12,11,13.804,1790462141516
-12,12,13.874,1790462141530
-12,13,13.613,1790462141544
-12,14,13.625,1790462141558
-12,15,13.878,1790462141571
-11,-16,13.723,1790462141585
-11,-15,13.571,1790462141599
-11,-14,13.871,1790462141613
-11,-13,13.891,1790462141626
-11,-12,13.806,1790462141640
-11,-11,13.870,1790462141654
-11,-10,14.044,1790462141668
-11,-9,13.884,1790462141682
-11,-8,14.078,1790462141696
-11,-7,14.019,1790462141710
-11,-6,14.113,1790462141724
-11,-5,14.200,1790462141738
-11,-4,14.257,1790462141752
-11,-3,14.119,1790462141767
-11,-2,14.049,1790462141781
-11,-1,14.004,1790462141795
-11,0,14.058,1790462141809
-11,1,13.992,1790462141823
-11,2,13.945,1790462141837
-11,3,13.903,1790462141851
-11,4,14.087,1790462141865
-11,5,13.825,1790462141879
-11,6,14.236,1790462141893
-11,7,14.331,1790462141907
-11,8,14.420,1790462141921
-11,9,13.951,1790462141936
-11,10,13.997,1790462141950
-11,11,14.297,1790462141964
-11,12,14.000,1790462141978
-11,13,14.168,1790462141992
-11,14,13.971,1790462142006
-11,15,13.982,1790462142020
-10,-16,14.061,1790462142034
-10,-15,14.024,1790462142048
-10,-14,13.878,1790462142062
-10,-13,14.146,1790462142076
-10,-12,14.010,1790462142090
-10,-11,13.839,1790462142104
-10,-10,14.083,1790462142118
-10,-9,14.244,1790462142132
-10,-8,14.414,1790462142146
-10,-7,14.646,1790462142161
-10,-6,14.620,1790462142175
-10,-5,14.776,1790462142190
-10,-4,14.601,1790462142205
-10,-3,15.130,1790462142219
-10,-2,14.214,1790462142235
-10,-1,15.410,1790462142249
-10,0,14.359,1790462142264
-10,1,14.333,1790462142279
-10,2,15.549,1790462142293
-10,3,14.023,1790462142308
-10,4,14.129,1790462142322
-10,5,14.132,1790462142337
-10,6,14.199,1790462142351
-10,7,14.101,1790462142365
-10,8,13.994,1790462142379
-10,9,14.440,1790462142393
-10,10,14.759,1790462142407
-10,11,13.697,1790462142422
-10,12,13.709,1790462142436
-10,13,14.010,1790462142450
-10,14,19.581,1790462142464
-10,15,14.522,1790462142483
-9,-16,14.035,1790462142498
-9,-15,14.324,1790462142512
-9,-14,14.771,1790462142526
-9,-13,15.194,1790462142541
-9,-12,15.552,1790462142556
-9,-11,15.045,1790462142572
-9,-10,16.547,1790462142587
-9,-9,14.722,1790462142603
-9,-8,14.987,1790462142618
-9,-7,14.590,1790462142633
-9,-6,14.493,1790462142648
-9,-5,14.360,1790462142662
-9,-4,14.721,1790462142676
-9,-3,14.429,1790462142691
-9,-2,14.336,1790462142706
-9,-1,14.410,1790462142720
-9,0,13.936,1790462142734
-9,1,13.869,1790462142748
-9,2,14.044,1790462142762
-9,3,14.152,1790462142776
-9,4,13.926,1790462142790
-9,5,14.241,1790462142804
-9,6,13.825,1790462142819
-9,7,13.754,1790462142832
-9,8,13.911,1790462142846
-9,9,13.866,1790462142860
-9,10,13.933,1790462142874
-9,11,13.894,1790462142888
-9,12,13.715,1790462142902
-9,13,13.735,1790462142915
-9,14,13.717,1790462142929
-9,15,13.819,1790462142943
-8,-16,13.731,1790462142957
-8,-15,17.477,1790462142971
-8,-14,20.410,1790462142988
-8,-13,15.912,1790462143008
-8,-12,16.336,1790462143024
-8,-11,18.122,1790462143041
-8,-10,16.081,1790462143059
-8,-9,15.359,1790462143075
-8,-8,15.501,1790462143090
-8,-7,13.797,1790462143106
-8,-6,13.967,1790462143120
-8,-5,13.881,1790462143134
-8,-4,13.806,1790462143147
-8,-3,14.220,1790462143161
-8,-2,13.802,1790462143175
-8,-1,14.355,1790462143189
-8,0,14.515,1790462143204
-8,1,14.612,1790462143218
-8,2,14.878,1790462143233
-8,3,14.421,1790462143248
-8,4,14.160,1790462143262
-8,5,14.328,1790462143276
-8,6,14.500,1790462143291
-8,7,14.745,1790462143305
-8,8,14.556,1790462143320
-8,9,14.082,1790462143334
-8,10,13.973,1790462143348
-8,11,14.162,1790462143362
-8,12,14.161,1790462143377
-8,13,14.295,1790462143391
-8,14,14.627,1790462143405
-8,15,14.904,1790462143420
-7,-16,14.122,1790462143435
-7,-15,14.426,1790462143449
-7,-14,14.334,1790462143463
-7,-13,14.592,1790462143477
-7,-12,14.443,1790462143492
-7,-11,14.059,1790462143506
-7,-10,14.254,1790462143521
-7,-9,14.214,1790462143535
-7,-8,13.997,1790462143549
-7,-7,14.040,1790462143563
-7,-6,14.121,1790462143577
-7,-5,17.419,1790462143591
-7,-4,14.326,1790462143609
-7,-3,13.939,1790462143623
-7,-2,14.322,1790462143637
-7,-1,14.270,1790462143651
-7,0,14.270,1790462143666
-7,1,14.410,1790462143680
-7,2,14.163,1790462143694
-7,3,14.105,1790462143708
-7,4,14.497,1790462143722
-7,5,14.337,1790462143737
-7,6,14.041,1790462143751
-7,7,14.252,1790462143765
-7,8,14.297,1790462143780
-7,9,14.444,1790462143794
-7,10,14.671,1790462143808
-7,11,14.643,1790462143823
-7,12,15.248,1790462143838
-7,13,16.035,1790462143853
-7,14,14.319,1790462143869
-7,15,14.769,1790462143883
-6,-16,14.553,1790462143898
-6,-15,14.751,1790462143913
-6,-14,14.701,1790462143927
-6,-13,14.639,1790462143942
-6,-12,15.450,1790462143957
-6,-11,14.616,1790462143972
-6,-10,14.214,1790462143987
-6,-9,14.431,1790462144001
-6,-8,14.188,1790462144015
-6,-7,14.380,1790462144030
-6,-6,14.447,1790462144044
-6,-5,14.666,1790462144058
-6,-4,14.542,1790462144073
-6,-3,14.257,1790462144088
-6,-2,14.252,1790462144102
-6,-1,14.270,1790462144116
-6,0,14.421,1790462144130
-6,1,14.171,1790462144145
-6,2,14.007,1790462144159
-6,3,14.048,1790462144173
-6,4,15.002,1790462144187
-6,5,14.039,1790462144202
-6,6,13.883,1790462144216
-6,7,13.907,1790462144230
-6,8,13.907,1790462144244
-6,9,13.732,1790462144258
-6,10,13.735,1790462144272
-6,11,16.074,1790462144285
-6,12,13.802,1790462144301
-6,13,13.798,1790462144315
-6,14,13.992,1790462144329
-6,15,13.839,1790462144343
-5,-16,13.787,1790462144357
-5,-15,13.964,1790462144371
-5,-14,13.632,1790462144385
-5,-13,13.956,1790462144398
-5,-12,14.142,1790462144412
-5,-11,13.912,1790462144426
-5,-10,13.864,1790462144440
-5,-9,13.653,1790462144454
-5,-8,13.714,1790462144468
-5,-7,14.152,1790462144482
-5,-6,15.755,1790462144496
-5,-5,13.624,1790462144511
-5,-4,13.885,1790462144525
-5,-3,13.773,1790462144539
-5,-2,13.821,1790462144553
-5,-1,13.856,1790462144567
-5,0,13.699,1790462144580
-5,1,13.652,1790462144594
-5,2,13.898,1790462144608
-5,3,13.691,1790462144622
-5,4,13.579,1790462144635
-5,5,13.811,1790462144649
-5,6,13.663,1790462144663
-5,7,13.710,1790462144676
-5,8,13.964,1790462144690
-5,9,13.690,1790462144704
-5,10,16.030,1790462144718
-5,11,13.871,1790462144734
-5,12,13.751,1790462144748
-5,13,13.975,1790462144762
-5,14,14.008,1790462144775
-5,15,13.732,1790462144790
-4,-16,13.926,1790462144803
-4,-15,13.677,1790462144817
-4,-14,13.693,1790462144831
-4,-13,13.897,1790462144845
-4,-12,13.687,1790462144858
-4,-11,13.860,1790462144872
-4,-10,13.958,1790462144886
-4,-9,13.763,1790462144900
-4,-8,13.879,1790462144914
-4,-7,16.046,1790462144928
-4,-6,14.004,1790462144944
-4,-5,13.883,1790462144958
-4,-4,14.180,1790462144972
-4,-3,14.142,1790462144986
-4,-2,14.507,1790462145000
-4,-1,13.942,1790462145014
-4,0,14.041,1790462145028
-4,1,14.071,1790462145042
-4,2,14.036,1790462145056
-4,3,14.112,1790462145071
-4,4,14.130,1790462145085
-4,5,13.998,1790462145099
-4,6,14.108,1790462145113
-4,7,14.190,1790462145127
-4,8,16.188,1790462145141
-4,9,13.989,1790462145157
-4,10,14.388,1790462145171
-4,11,16.528,1790462145186
-4,12,14.749,1790462145202
-4,13,14.059,1790462145217
-4,14,13.926,1790462145231
-4,15,14.300,1790462145245
-3,-16,13.882,1790462145259
-3,-15,14.130,1790462145273
-3,-14,15.161,1790462145287
-3,-13,14.442,1790462145302
-3,-12,15.675,1790462145317
-3,-11,14.766,1790462145333
-3,-10,14.802,1790462145347
-3,-9,14.440,1790462145362
-3,-8,14.236,1790462145377
-3,-7,14.028,1790462145391
-3,-6,14.255,1790462145405
-3,-5,14.158,1790462145419
-3,-4,14.137,1790462145433
-3,-3,14.987,1790462145447
-3,-2,14.024,1790462145462
-3,-1,14.632,1790462145476
-3,0,14.556,1790462145491
-3,1,14.258,1790462145506
-3,2,14.138,1790462145520
-3,3,13.984,1790462145534
-3,4,13.875,1790462145548
-3,5,14.005,1790462145562
-3,6,14.138,1790462145576
-3,7,14.019,1790462145590
-3,8,16.795,1790462145604
-3,9,14.091,1790462145621
-3,10,13.939,1790462145635
-3,11,14.001,1790462145649
-3,12,13.845,1790462145663
-3,13,13.916,1790462145677
-3,14,13.788,1790462145691
-3,15,13.868,1790462145704
-2,-16,13.671,1790462145718
-2,-15,13.961,1790462145732
-2,-14,13.719,1790462145746
-2,-13,13.774,1790462145760
-2,-12,14.630,1790462145773
-2,-11,13.706,1790462145788
-2,-10,13.954,1790462145802
-2,-9,13.675,1790462145816
-2,-8,13.770,1790462145829
-2,-7,13.840,1790462145843
-2,-6,13.575,1790462145857
-2,-5,13.637,1790462145871
-2,-4,13.729,1790462145884
-2,-3,13.667,1790462145898
-2,-2,13.671,1790462145912
-2,-1,14.564,1790462145925
-2,0,13.688,1790462145940
-2,1,13.643,1790462145954
-2,2,13.742,1790462145967
-2,3,13.712,1790462145981
-2,4,13.692,1790462145995
-2,5,13.736,1790462146008
-2,6,14.085,1790462146022
-2,7,13.784,1790462146036
-2,8,13.754,1790462146050
-2,9,13.748,1790462146064
-2,10,13.699,1790462146078
-2,11,14.771,1790462146091
-2,12,13.685,1790462146106
-2,13,13.759,1790462146120
-2,14,13.763,1790462146133
-2,15,13.747,1790462146147
-1,-16,13.695,1790462146161
-1,-15,13.755,1790462146175
-1,-14,13.759,1790462146188
-1,-13,16.502,1790462146202
-1,-12,13.919,1790462146219
-1,-11,13.973,1790462146233
-1,-10,15.068,1790462146247
-1,-9,13.969,1790462146262
-1,-8,13.796,1790462146276
-1,-7,13.797,1790462146289
-1,-6,13.695,1790462146303
-1,-5,13.776,1790462146317
-1,-4,13.800,1790462146331
-1,-3,13.668,1790462146345
-1,-2,13.628,1790462146358
-1,-1,13.876,1790462146372
-1,0,13.739,1790462146386
-1,1,13.838,1790462146399
-1,2,14.570,1790462146413
-1,3,13.530,1790462146428
-1,4,13.815,1790462146441
-1,5,13.854,1790462146455
-1,6,13.876,1790462146469
-1,7,14.483,1790462146483
-1,8,14.051,1790462146497
-1,9,13.767,1790462146512
-1,10,13.849,1790462146525
-1,11,13.916,1790462146539
-1,12,14.029,1790462146553
-1,13,15.282,1790462146567
-1,14,13.828,1790462146582
-1,15,13.923,1790462146596
0,-16,13.827,1790462146610
0,-15,13.876,1790462146624
0,-14,13.745,1790462146638
0,-13,14.054,1790462146652
0,-12,14.189,1790462146666
0,-11,14.106,1790462146680
0,-10,14.082,1790462146694
0,-9,14.046,1790462146708
0,-8,14.215,1790462146722
0,-7,14.117,1790462146736
0,-6,13.886,1790462146750
0,-5,14.154,1790462146764
0,-4,14.000,1790462146778
0,-3,13.991,1790462146792
0,-2,14.386,1790462146806
0,-1,14.402,1790462146821
0,0,13.890,1790462146835
0,1,14.049,1790462146849
0,2,13.908,1790462146863
0,3,13.990,1790462146877
0,4,14.222,1790462146891
0,5,14.240,1790462146905
0,6,14.400,1790462146920
0,7,14.993,1790462146934
0,8,14.018,1790462146949
0,9,13.955,1790462146963
0,10,13.908,1790462146977
0,11,13.953,1790462146991
0,12,14.078,1790462147005
0,13,13.948,1790462147019
0,14,13.805,1790462147033
0,15,14.963,1790462147047
1,-16,13.903,1790462147062
1,-15,14.141,1790462147076
1,-14,14.449,1790462147090
1,-13,14.451,1790462147104
1,-12,13.992,1790462147119
1,-11,14.008,1790462147133
1,-10,14.015,1790462147147
1,-9,13.967,1790462147161
1,-8,13.976,1790462147175
1,-7,13.880,1790462147189
1,-6,15.185,1790462147202
1,-5,13.942,1790462147218
1,-4,13.996,1790462147232
1,-3,13.964,1790462147246
1,-2,13.959,1790462147260
1,-1,15.122,1790462147274
1,0,14.015,1790462147289
1,1,13.849,1790462147303
1,2,13.834,1790462147317
1,3,13.994,1790462147330
1,4,13.926,1790462147344
1,5,13.888,1790462147358
1,6,14.907,1790462147372
1,7,13.773,1790462147387
1,8,13.679,1790462147401
1,9,13.779,1790462147415
1,10,13.644,1790462147428
1,11,13.757,1790462147442
1,12,13.744,1790462147456
1,13,13.941,1790462147470
1,14,13.912,1790462147483
1,15,13.822,1790462147497
2,-16,13.676,1790462147511
2,-15,15.123,1790462147525
2,-14,13.738,1790462147540
2,-13,13.804,1790462147554
2,-12,13.857,1790462147568
2,-11,13.949,1790462147581
2,-10,13.629,1790462147595
2,-9,13.730,1790462147609
2,-8,13.663,1790462147623
2,-7,13.700,1790462147636
2,-6,13.603,1790462147650
2,-5,13.693,1790462147664
2,-4,13.761,1790462147677
2,-3,14.674,1790462147691
2,-2,13.783,1790462147706
2,-1,13.738,1790462147720
2,0,13.759,1790462147733
2,1,13.762,1790462147747
2,2,15.304,1790462147761
2,3,14.309,1790462147776
2,4,14.002,1790462147791
2,5,14.045,1790462147805
2,6,14.021,1790462147819
2,7,13.941,1790462147833
2,8,14.979,1790462147847
2,9,13.890,1790462147862
2,10,13.862,1790462147875
2,11,13.941,1790462147889
2,12,13.823,1790462147903
2,13,13.730,1790462147917
2,14,15.083,1790462147931
2,15,13.975,1790462147946
3,-16,14.330,1790462147960
3,-15,14.024,1790462147974
3,-14,13.898,1790462147988
3,-13,14.975,1790462148002
3,-12,13.780,1790462148017
3,-11,13.707,1790462148031
3,-10,13.806,1790462148045
3,-9,13.628,1790462148058
3,-8,13.639,1790462148072
3,-7,14.740,1790462148086
3,-6,13.743,1790462148100
3,-5,13.674,1790462148114
3,-4,13.714,1790462148128
3,-3,13.831,1790462148142
3,-2,13.743,1790462148155
3,-1,14.964,1790462148169
3,0,13.963,1790462148184
3,1,13.967,1790462148198
3,2,13.956,1790462148212
3,3,14.068,1790462148226
3,4,13.805,1790462148240
3,5,15.156,1790462148254
3,6,13.979,1790462148269
3,7,14.041,1790462148283
3,8,13.910,1790462148297
3,9,13.900,1790462148311
3,10,13.969,1790462148325
3,11,13.865,1790462148339
3,12,14.006,1790462148353
3,13,14.480,1790462148367
3,14,14.073,1790462148381
3,15,13.985,1790462148395
4,-16,15.376,1790462148409
4,-15,14.077,1790462148425
4,-14,14.143,1790462148439
4,-13,14.033,1790462148453
4,-12,14.371,1790462148467
4,-11,14.816,1790462148481
4,-10,14.007,1790462148496
4,-9,14.080,1790462148510
4,-8,14.217,1790462148524
4,-7,13.958,1790462148538
4,-6,14.036,1790462148552
4,-5,15.092,1790462148566
4,-4,14.039,1790462148582
4,-3,13.888,1790462148596
4,-2,14.069,1790462148610
4,-1,13.917,1790462148624
4,0,14.025,1790462148637
4,1,14.159,1790462148652
4,2,13.961,1790462148666
4,3,14.099,1790462148680
4,4,13.856,1790462148694
4,5,14.330,1790462148708
4,6,15.522,1790462148722
4,7,14.364,1790462148737
4,8,13.950,1790462148752
4,9,14.174,1790462148766
4,10,14.015,1790462148780
4,11,13.765,1790462148794
4,12,13.980,1790462148808
4,13,13.857,1790462148822
4,14,13.947,1790462148836
4,15,13.937,1790462148850
5,-16,13.925,1790462148863
5,-15,13.908,1790462148877
5,-14,15.080,1790462148891
5,-13,13.855,1790462148906
5,-12,14.056,1790462148920
5,-11,15.311,1790462148934
5,-10,13.992,1790462148950
5,-9,13.753,1790462148964
5,-8,13.709,1790462148977
5,-7,13.771,1790462148991
5,-6,13.882,1790462149005
5,-5,13.689,1790462149019
5,-4,13.791,1790462149032
5,-3,14.813,1790462149046
5,-2,13.864,1790462149061
5,-1,13.615,1790462149075
5,0,13.821,1790462149089
5,1,13.727,1790462149102
5,2,13.734,1790462149116
5,3,13.884,1790462149130
5,4,13.657,1790462149144
5,5,13.768,1790462149157
5,6,13.713,1790462149171
5,7,13.728,1790462149185
5,8,13.656,1790462149199
5,9,13.753,1790462149212
5,10,13.684,1790462149226
5,11,13.842,1790462149240
5,12,14.483,1790462149254
5,13,14.336,1790462149268
5,14,13.848,1790462149282
5,15,13.672,1790462149296
6,-16,13.871,1790462149310
6,-15,13.806,1790462149324
6,-14,14.028,1790462149338
6,-13,13.791,1790462149352
6,-12,13.892,1790462149365
6,-11,14.177,1790462149379
6,-10,13.974,1790462149394
6,-9,14.006,1790462149407
6,-8,13.984,1790462149421
6,-7,14.141,1790462149435
6,-6,14.260,1790462149450
6,-5,14.182,1790462149464
6,-4,14.241,1790462149478
6,-3,14.632,1790462149492
6,-2,14.464,1790462149507
6,-1,14.363,1790462149521
6,0,14.322,1790462149536
6,1,14.282,1790462149550
6,2,14.350,1790462149564
6,3,14.183,1790462149579
6,4,14.394,1790462149593
6,5,14.234,1790462149607
6,6,14.210,1790462149622
6,7,14.227,1790462149636
6,8,14.492,1790462149650
6,9,14.556,1790462149665
6,10,14.536,1790462149679
6,11,14.712,1790462149694
6,12,14.338,1790462149708
6,13,14.354,1790462149723
6,14,14.316,1790462149737
6,15,14.619,1790462149751
7,-16,14.379,1790462149766
7,-15,14.371,1790462149780
7,-14,14.558,1790462149795
7,-13,14.538,1790462149809
7,-12,14.590,1790462149824
7,-11,14.448,1790462149838
7,-10,14.380,1790462149853
7,-9,14.407,1790462149867
7,-8,14.895,1790462149882
7,-7,14.540,1790462149897
7,-6,14.928,1790462149911
7,-5,14.882,1790462149926
7,-4,14.681,1790462149941
7,-3,14.520,1790462149956
7,-2,15.270,1790462149970
7,-1,14.669,1790462149985
7,0,14.780,1790462150000
7,1,14.532,1790462150015
7,2,14.639,1790462150029
7,3,14.477,1790462150044
7,4,14.553,1790462150059
7,5,14.508,1790462150073
7,6,14.660,1790462150088
7,7,14.901,1790462150102
7,8,14.597,1790462150117
7,9,15.397,1790462150132
7,10,14.659,1790462150147
7,11,14.852,1790462150162
7,12,14.562,1790462150177
7,13,14.553,1790462150191
7,14,14.807,1790462150206
7,15,14.487,1790462150221
8,-16,14.597,1790462150235
8,-15,14.618,1790462150250
8,-14,14.663,1790462150264
8,-13,14.790,1790462150279
8,-12,14.433,1790462150294
8,-11,14.195,1790462150308
8,-10,14.139,1790462150322
8,-9,13.906,1790462150337
8,-8,14.099,1790462150351
8,-7,14.196,1790462150365
8,-6,14.027,1790462150379
8,-5,13.953,1790462150393
8,-4,14.016,1790462150407
8,-3,13.812,1790462150421
8,-2,14.049,1790462150435
8,-1,13.900,1790462150449
8,0,13.839,1790462150463
8,1,13.975,1790462150476
8,2,14.326,1790462150490
8,3,14.018,1790462150505
8,4,14.359,1790462150519
8,5,14.037,1790462150533
8,6,14.493,1790462150547
8,7,14.251,1790462150562
8,8,14.232,1790462150576
8,9,15.325,1790462150590
8,10,14.518,1790462150605
8,11,13.945,1790462150620
8,12,13.808,1790462150634
8,13,13.869,1790462150648
8,14,13.816,1790462150662
8,15,13.796,1790462150675
9,-16,13.994,1790462150689
9,-15,13.804,1790462150703
9,-14,13.831,1790462150717
9,-13,13.919,1790462150731
9,-12,14.051,1790462150745
9,-11,13.877,1790462150759
9,-10,13.993,1790462150773
9,-9,13.873,1790462150787
9,-8,14.121,1790462150801
9,-7,13.720,1790462150815
9,-6,13.781,1790462150828
9,-5,13.852,1790462150842
9,-4,13.638,1790462150856
9,-3,13.610,1790462150870
9,-2,13.786,1790462150883
9,-1,13.599,1790462150897
9,0,13.783,1790462150911
9,1,13.670,1790462150925
9,2,13.757,1790462150938
9,3,13.769,1790462150952
9,4,13.754,1790462150966
9,5,13.823,1790462150980
9,6,13.886,1790462150993
9,7,13.899,1790462151007
9,8,13.900,1790462151021
9,9,13.689,1790462151035
9,10,13.643,1790462151049
9,11,13.718,1790462151062
9,12,13.713,1790462151076
9,13,13.900,1790462151090
9,14,13.844,1790462151104
9,15,13.701,1790462151118
10,-16,13.709,1790462151131
10,-15,13.773,1790462151145
10,-14,13.731,1790462151159
10,-13,13.728,1790462151172
10,-12,14.306,1790462151186
10,-11,14.125,1790462151201
10,-10,13.833,1790462151215
10,-9,14.231,1790462151228
10,-8,13.693,1790462151243
10,-7,13.681,1790462151256
10,-6,13.709,1790462151270
10,-5,13.715,1790462151284
10,-4,13.546,1790462151298
10,-3,13.680,1790462151311
10,-2,13.712,1790462151325
10,-1,13.978,1790462151338
10,0,13.624,1790462151352
10,1,13.743,1790462151366
10,2,13.741,1790462151380
10,3,13.671,1790462151394
10,4,13.785,1790462151407
10,5,14.026,1790462151421
10,6,13.844,1790462151435
10,7,14.010,1790462151449
10,8,13.982,1790462151463
10,9,14.023,1790462151477
10,10,14.071,1790462151491
10,11,13.819,1790462151505
10,12,13.934,1790462151519
10,13,14.236,1790462151533
10,14,13.889,1790462151547
10,15,13.957,1790462151561
11,-16,13.899,1790462151575
11,-15,13.938,1790462151589
11,-14,13.842,1790462151603
11,-13,13.899,1790462151617
11,-12,13.979,1790462151630
11,-11,14.190,1790462151644
11,-10,14.014,1790462151659
11,-9,13.830,1790462151673
11,-8,14.031,1790462151687
11,-7,14.055,1790462151701
11,-6,13.867,1790462151715
11,-5,14.072,1790462151728
11,-4,14.133,1790462151743
11,-3,13.864,1790462151757
11,-2,13.960,1790462151771
11,-1,14.067,1790462151785
11,0,13.902,1790462151799
11,1,14.184,1790462151812
11,2,14.407,1790462151827
11,3,16.662,1790462151841
11,4,14.305,1790462151858
11,5,13.934,1790462151872
11,6,14.010,1790462151886
11,7,14.078,1790462151900
11,8,14.043,1790462151914
11,9,14.067,1790462151928
11,10,14.327,1790462151942
11,11,14.002,1790462151957
11,12,13.988,1790462151971
11,13,14.095,1790462151985
11,14,13.836,1790462151999
11,15,14.111,1790462152012
12,-16,13.869,1790462152027
12,-15,13.909,1790462152041
12,-14,13.880,1790462152054
12,-13,14.057,1790462152068
12,-12,13.863,1790462152082
12,-11,13.964,1790462152096
12,-10,14.081,1790462152110
12,-9,14.160,1790462152124
12,-8,14.271,1790462152138
12,-7,13.948,1790462152153
12,-6,13.868,1790462152167
12,-5,14.018,1790462152181
12,-4,13.858,1790462152195
12,-3,14.121,1790462152208
12,-2,14.156,1790462152223
12,-1,14.965,1790462152237
12,0,14.152,1790462152252
12,1,14.128,1790462152266
12,2,14.192,1790462152280
12,3,14.417,1790462152294
12,4,13.776,1790462152309
12,5,13.754,1790462152322
12,6,13.967,1790462152336
12,7,13.850,1790462152350
12,8,13.665,1790462152364
12,9,13.818,1790462152378
12,10,13.883,1790462152391
12,11,13.786,1790462152405
12,12,13.839,1790462152419
12,13,13.865,1790462152433
12,14,13.728,1790462152447
12,15,13.834,1790462152461
13,-16,13.742,1790462152474
13,-15,13.917,1790462152488
13,-14,14.035,1790462152502
13,-13,13.799,1790462152516
13,-12,14.134,1790462152530
13,-11,14.114,1790462152544
13,-10,14.127,1790462152558
13,-9,13.926,1790462152572
13,-8,14.216,1790462152586
13,-7,13.970,1790462152600
13,-6,13.800,1790462152614
13,-5,13.935,1790462152628
13,-4,13.617,1790462152642
13,-3,13.730,1790462152656
13,-2,13.703,1790462152670
13,-1,13.832,1790462152683
13,0,13.966,1790462152697
13,1,13.997,1790462152711
13,2,13.806,1790462152725
13,3,14.149,1790462152739
13,4,14.554,1790462152753
13,5,13.821,1790462152768
13,6,13.855,1790462152781
13,7,13.642,1790462152795
13,8,13.645,1790462152809
13,9,13.677,1790462152823
13,10,13.768,1790462152836
13,11,13.740,1790462152850
13,12,13.771,1790462152864
13,13,13.867,1790462152877
13,14,13.973,1790462152891
13,15,14.096,1790462152905
14,-16,13.753,1790462152919
14,-15,13.922,1790462152933
14,-14,13.826,1790462152947
14,-13,13.722,1790462152961
14,-12,13.702,1790462152975
14,-11,13.994,1790462152988
14,-10,13.814,1790462153002
14,-9,13.713,1790462153016
14,-8,13.647,1790462153030
14,-7,13.649,1790462153044
14,-6,13.794,1790462153057
14,-5,19.523,1790462153071
14,-4,14.140,1790462153091
14,-3,13.979,1790462153105
14,-2,13.804,1790462153119
14,-1,14.196,1790462153132
14,0,14.056,1790462153147
14,1,13.994,1790462153161
14,2,13.961,1790462153175
14,3,14.157,1790462153189
14,4,13.975,1790462153203
14,5,13.830,1790462153217
14,6,14.098,1790462153231
14,7,13.976,1790462153245
14,8,14.077,1790462153259
14,9,14.031,1790462153273
14,10,13.843,1790462153287
14,11,14.183,1790462153301
14,12,13.855,1790462153315
14,13,13.867,1790462153329
14,14,14.148,1790462153343
14,15,14.171,1790462153357
15,-16,13.881,1790462153371
15,-15,13.990,1790462153385
15,-14,13.987,1790462153399
15,-13,14.058,1790462153413
15,-12,13.949,1790462153427
15,-11,13.842,1790462153441
15,-10,13.813,1790462153455
15,-9,13.951,1790462153469
15,-8,13.981,1790462153482
15,-7,13.973,1790462153496
15,-6,14.239,1790462153510
15,-5,13.931,1790462153525
15,-4,14.029,1790462153539
15,-3,13.848,1790462153553
15,-2,14.157,1790462153566
15,-1,14.079,1790462153581
15,0,13.960,1790462153595
15,1,13.916,1790462153609
15,2,13.986,1790462153623
15,3,13.935,1790462153637
15,4,13.780,1790462153651
15,5,14.048,1790462153664
15,6,13.878,1790462153678
15,7,14.074,1790462153692
15,8,13.890,1790462153706
15,9,13.734,1790462153720
15,10,13.788,1790462153734
15,11,14.034,1790462153748
15,12,13.903,1790462153762
15,13,13.829,1790462153776
15,14,14.001,1790462153790
15,15,13.813,1790462153804
